loan_id,document_status
L-100000,Pending
L-100001,Pending
L-100002,Available
L-100003,Pending
L-100004,Missing
L-100005,Available
L-100007,Available
L-100008,Available
L-100009,Expired
L-101203,Expired
L-100011,Available
L-100012,Missing
L-100013,Missing
L-100014,Pending
L-100015,Missing
L-100016,Missing
L-100017,Expired
L-100018,Expired
L-100019,Missing
L-100020,Expired
L-100021,Expired
L-100022,Pending
L-100023,Pending
L-100346,Pending
L-100025,Expired
L-100026,Expired
L-100027,Available
L-100029,Expired
L-100030,Missing
L-100031,Expired
L-100032,Pending
L-100033,Expired
L-100034,Missing
L-100035,Pending
L-100036,Pending
L-100037,Pending
L-100038,Available
L-100039,Pending
L-100040,Expired
L-100041,Available
L-100042,Missing
L-100043,Expired
L-100044,Expired
L-100045,Expired
L-100046,Available
L-100047,Pending
L-100048,Missing
L-100096,Missing
L-100050,Missing
L-100051,Pending
L-100052,Missing
L-100053,Expired
L-100054,Available
L-100055,Missing
L-100056,Available
L-100057,Pending
L-100058,Available
L-100059,Available
L-100060,Missing
L-100061,Pending
L-100062,Missing
L-100063,Missing
L-100064,Available
L-100065,Expired
L-100066,Missing
L-100067,Expired
L-100068,Pending
L-100069,Missing
L-100070,Pending
L-100071,Expired
L-100072,Expired
L-100073,Missing
L-100074,Missing
L-100075,Available
L-100076,Missing
L-100077,Available
L-100078,Missing
L-100079,Expired
L-100080,Available
L-100081,Available
L-100082,Missing
L-100083,Expired
L-100084,Pending
L-100085,Missing
L-100086,Pending
L-100087,Pending
L-100607,Expired
L-100089,Available
L-100090,Pending
L-100091,Missing
L-100092,Available
L-100093,Available
L-100094,Expired
L-100095,Missing
L-100096,Missing
L-100097,Available
L-100098,Expired
L-100099,Pending
L-100100,Available
L-100101,Available
L-100102,Available
L-100103,Pending
L-100104,Pending
L-100105,Missing
L-100106,Expired
L-100107,Pending
L-100108,Missing
L-100109,Expired
L-100110,Pending
L-100111,Pending
L-100112,Pending
L-100113,Missing
L-100114,Missing
L-100115,Expired
L-100117,Available
L-100118,Pending
L-100119,Missing
L-100120,Missing
L-100121,Available
L-100122,Available
L-100123,Expired
L-100124,Missing
L-100125,Missing
L-100126,Expired
L-100127,Expired
L-100128,Missing
L-100129,Pending
L-100130,Missing
L-100131,Expired
L-100132,Available
L-100133,Expired
L-100134,Pending
L-100135,Expired
L-100136,Available
L-100138,Available
L-100139,Missing
L-100140,Missing
L-100141,Pending
L-100142,Missing
L-100143,Available
L-100144,Available
L-100145,Available
L-100146,Available
L-100147,Available
L-100148,Expired
L-100149,Missing
L-100150,Missing
L-100151,Pending
L-100152,Expired
L-100153,Expired
L-100154,Expired
L-100155,Pending
L-100156,Pending
L-100157,Expired
L-100158,Pending
L-100159,Expired
L-100160,Available
L-100161,Expired
L-100162,Missing
L-100163,Pending
L-100164,Expired
L-100165,Available
L-100166,Missing
L-100167,Pending
L-100168,Pending
L-100169,Expired
L-100170,Missing
L-100171,Missing
L-100172,Missing
L-100173,Pending
L-100174,Expired
L-100175,Pending
L-100176,Expired
L-100177,Pending
L-100178,Available
L-100179,Pending
L-100180,Pending
L-100181,Expired
L-100182,Missing
L-100183,Pending
L-100184,Available
L-100185,Expired
L-100186,Pending
L-100187,Expired
L-100188,Missing
L-100189,Pending
L-100190,Available
L-100191,Pending
L-100192,Available
L-100193,Expired
L-100194,Expired
L-100195,Expired
L-100196,Pending
L-100197,Pending
L-100198,Expired
L-100199,Pending
L-100200,Expired
L-100201,Available
L-100202,Available
L-100203,Missing
L-100204,Missing
L-100205,Expired
L-100206,Pending
L-100207,Missing
L-100208,Missing
L-100209,Expired
L-100210,Pending
L-100211,Pending
L-100212,Missing
L-100213,Available
L-100214,Available
L-100215,Missing
L-100216,Missing
L-100217,Missing
L-100218,Pending
L-100219,Available
L-100220,Pending
L-100221,Pending
L-100222,Pending
L-100223,Expired
L-100224,Pending
L-100225,Missing
L-100226,Expired
L-100227,Missing
L-100228,Missing
L-100229,Expired
L-100230,Expired
L-100231,Expired
L-100232,Available
L-100233,Pending
L-100234,Available
L-100235,Pending
L-100236,Missing
L-100237,Expired
L-100238,Pending
L-100239,Missing
L-100240,Available
L-100241,Missing
L-100242,Expired
L-100243,Available
L-100244,Available
L-100245,Missing
L-100246,Expired
L-100247,Missing
L-100248,Missing
L-101939,Missing
L-100250,Available
L-100251,Available
L-100252,Missing
L-100253,Pending
L-100254,Missing
L-100255,Pending
L-100256,Missing
L-100257,Missing
L-100258,Missing
L-100259,Pending
L-100260,Available
L-100261,Available
L-100262,Pending
L-100263,Expired
L-100264,Missing
L-100265,Pending
L-100266,Available
L-100267,Expired
L-100268,Expired
L-100269,Pending
L-100270,Missing
L-100271,Available
L-100272,Expired
L-100273,Missing
L-100274,Pending
L-100275,Expired
L-100276,Expired
L-100277,Expired
L-100278,Available
L-100279,Available
L-100280,Expired
L-100281,Missing
L-100282,Pending
L-100283,Pending
L-100284,Expired
L-100285,Expired
L-100286,Expired
L-100287,Expired
L-100288,Pending
L-100289,Missing
L-100290,Expired
L-100291,Available
L-100292,Pending
L-100293,Missing
L-100294,Expired
L-100295,Missing
L-100296,Pending
L-100297,Available
L-100298,Pending
L-100299,Pending
L-100300,Missing
L-100301,Pending
L-100302,Expired
L-100303,Missing
L-100304,Expired
L-100305,Missing
L-100306,Expired
L-100307,Expired
L-100308,Missing
L-100309,Missing
L-100310,Missing
L-100311,Pending
L-100312,Expired
L-100313,Missing
L-100314,Expired
L-100315,Missing
L-100316,Pending
L-100317,Expired
L-100318,Missing
L-100319,Expired
L-100320,Available
L-100321,Pending
L-100322,Expired
L-100323,Missing
L-100324,Missing
L-100325,Missing
L-100326,Pending
L-100327,Pending
L-100328,Expired
L-100329,Expired
L-100330,Expired
L-100331,Available
L-100332,Available
L-100333,Pending
L-100334,Available
L-100335,Pending
L-100336,Expired
L-100337,Available
L-100338,Available
L-100339,Expired
L-100340,Expired
L-100341,Missing
L-100343,Expired
L-100344,Expired
L-100345,Missing
L-100346,Pending
L-100347,Pending
L-100348,Pending
L-100349,Available
L-100350,Missing
L-100351,Pending
L-100352,Available
L-100353,Expired
L-100354,Pending
L-100355,Expired
L-100356,Available
L-100357,Missing
L-100358,Pending
L-100359,Pending
L-100360,Available
L-100361,Missing
L-100362,Missing
L-100363,Available
L-100364,Missing
L-100365,Available
L-100366,Available
L-100367,Expired
L-100368,Missing
L-100369,Pending
L-100370,Expired
L-100371,Expired
L-100372,Available
L-100373,Missing
L-100374,Missing
L-100375,Expired
L-100376,Expired
L-100377,Missing
L-100378,Available
L-100379,Available
L-100380,Missing
L-100381,Missing
L-100382,Available
L-100383,Available
L-100384,Expired
L-100385,Missing
L-100386,Available
L-100387,Pending
L-100388,Missing
L-100389,Available
L-100390,Available
L-100391,Missing
L-100392,Missing
L-100393,Available
L-100394,Pending
L-100395,Missing
L-100396,Missing
L-100397,Available
L-100398,Missing
L-100399,Missing
L-100400,Expired
L-100401,Missing
L-100403,Available
L-100404,Pending
L-100405,Available
L-100406,Missing
L-100407,Available
L-100408,Missing
L-100409,Expired
L-100410,Available
L-100411,Missing
L-100412,Missing
L-100413,Available
L-100414,Expired
L-100415,Expired
L-100416,Missing
L-100417,Available
L-100418,Available
L-100419,Missing
L-100420,Pending
L-100421,Available
L-100422,Missing
L-100423,Available
L-100424,Expired
L-100425,Expired
L-100426,Pending
L-100427,Expired
L-100428,Available
L-100429,Available
L-100430,Available
L-100431,Available
L-100432,Available
L-100433,Expired
L-100434,Expired
L-100435,Pending
L-100436,Missing
L-100437,Missing
L-100438,Pending
L-100439,Pending
L-100440,Missing
L-100441,Pending
L-100442,Missing
L-100443,Expired
L-100444,Available
L-100445,Pending
L-100446,Available
L-100447,Pending
L-100448,Pending
L-100449,Expired
L-100450,Pending
L-100451,Expired
L-101910,Available
L-100453,Available
L-100454,Expired
L-100455,Available
L-100456,Expired
L-100457,Available
L-100458,Missing
L-100459,Expired
L-100460,Missing
L-100461,Missing
L-100462,Available
L-100463,Pending
L-100464,Available
L-100465,Available
L-100466,Missing
L-100467,Available
L-100468,Missing
L-100469,Pending
L-100470,Available
L-100471,Missing
L-100472,Missing
L-100473,Missing
L-100474,Available
L-100475,Expired
L-100476,Available
L-100477,Available
L-100478,Pending
L-100479,Missing
L-100480,Missing
L-100481,Pending
L-100482,Available
L-100483,Missing
L-100484,Missing
L-100485,Pending
L-100486,Missing
L-100487,Expired
L-100488,Expired
L-100489,Missing
L-100490,Pending
L-100491,Missing
L-100492,Available
L-100493,Missing
L-100494,Available
L-100495,Missing
L-100496,Available
L-100497,Available
L-100498,Expired
L-100499,Expired
L-100500,Pending
L-100501,Pending
L-100502,Missing
L-100503,Missing
L-100504,Missing
L-100505,Expired
L-100506,Expired
L-100507,Available
L-100508,Available
L-100509,Available
L-100510,Expired
L-100511,Expired
L-100512,Available
L-100513,Available
L-100514,Expired
L-100515,Expired
L-100516,Expired
L-100517,Missing
L-100518,Available
L-100519,Missing
L-100520,Pending
L-100521,Available
L-100522,Pending
L-100523,Missing
L-100524,Expired
L-100525,Pending
L-100526,Missing
L-100527,Expired
L-100528,Expired
L-100529,Missing
L-100530,Available
L-100531,Missing
L-100532,Missing
L-100533,Available
L-100534,Pending
L-100535,Available
L-100536,Expired
L-100537,Pending
L-100538,Missing
L-100539,Available
L-100540,Pending
L-100541,Available
L-100542,Pending
L-100543,Missing
L-100544,Available
L-100545,Pending
L-100546,Available
L-100547,Available
L-100548,Pending
L-100549,Available
L-100550,Expired
L-100551,Pending
L-100552,Pending
L-100553,Available
L-100554,Pending
L-100555,Pending
L-100556,Missing
L-100557,Pending
L-100558,Expired
L-100559,Expired
L-100560,Expired
L-100561,Available
L-100562,Missing
L-100563,Expired
L-100564,Pending
L-100565,Expired
L-100566,Expired
L-100567,Expired
L-100568,Available
L-100569,Available
L-100570,Missing
L-100571,Available
L-100572,Expired
L-100573,Expired
L-100574,Pending
L-100575,Pending
L-100576,Available
L-100577,Pending
L-100578,Missing
L-100580,Pending
L-100581,Pending
L-100582,Available
L-100583,Available
L-100584,Expired
L-100585,Missing
L-100586,Expired
L-100587,Missing
L-100588,Expired
L-100589,Expired
L-100590,Missing
L-100591,Missing
L-100592,Missing
L-100593,Available
L-100594,Available
L-100595,Missing
L-100596,Missing
L-100597,Available
L-100598,Pending
L-100599,Available
L-100600,Available
L-100601,Missing
L-100602,Available
L-100603,Missing
L-100604,Pending
L-100605,Available
L-100606,Expired
L-100607,Missing
L-100608,Expired
L-100609,Available
L-100610,Available
L-100611,Available
L-100612,Pending
L-100613,Available
L-100614,Missing
L-100615,Pending
L-100616,Available
L-100617,Expired
L-100618,Pending
L-100619,Available
L-100620,Available
L-100686,Expired
L-100622,Pending
L-100623,Expired
L-100624,Available
L-100625,Available
L-100626,Expired
L-100627,Available
L-100628,Expired
L-100629,Pending
L-100630,Pending
L-100631,Expired
L-100632,Expired
L-100633,Expired
L-100634,Missing
L-100635,Available
L-100636,Missing
L-100637,Pending
L-100638,Available
L-100639,Expired
L-100640,Available
L-100641,Pending
L-100642,Pending
L-100643,Available
L-100644,Missing
L-100645,Available
L-100646,Available
L-100647,Available
L-100648,Available
L-100649,Pending
L-100650,Pending
L-100651,Expired
L-100652,Expired
L-100653,Expired
L-100654,Expired
L-100655,Expired
L-100656,Expired
L-100657,Available
L-100658,Pending
L-100659,Missing
L-100660,Pending
L-100661,Expired
L-100662,Available
L-100663,Available
L-100697,Expired
L-100665,Available
L-100666,Missing
L-100667,Available
L-100668,Expired
L-100669,Expired
L-100670,Pending
L-100671,Pending
L-100672,Available
L-100673,Expired
L-100674,Expired
L-100675,Available
L-100676,Missing
L-100677,Missing
L-100678,Missing
L-100679,Available
L-100680,Pending
L-100681,Pending
L-100682,Missing
L-100683,Pending
L-100684,Expired
L-100685,Missing
L-100686,Expired
L-100687,Expired
L-100689,Missing
L-100690,Pending
L-100691,Missing
L-101944,Missing
L-101177,Available
L-100694,Pending
L-100695,Missing
L-100696,Pending
L-100697,Expired
L-100698,Missing
L-100699,Pending
L-100700,Expired
L-100701,Missing
L-100702,Expired
L-100703,Missing
L-100704,Missing
L-100705,Missing
L-100706,Pending
L-100707,Expired
L-100708,Available
L-100709,Missing
L-100710,Pending
L-100711,Available
L-100712,Missing
L-100713,Expired
L-100714,Expired
L-100715,Missing
L-100716,Pending
L-100717,Expired
L-100718,Pending
L-100719,Pending
L-100720,Pending
L-100721,Missing
L-100722,Expired
L-100723,Missing
L-100724,Missing
L-100725,Pending
L-100726,Expired
L-100727,Pending
L-100728,Missing
L-100729,Missing
L-100730,Available
L-100731,Expired
L-100732,Expired
L-100733,Expired
L-100734,Missing
L-100735,Missing
L-100736,Expired
L-100737,Missing
L-100738,Pending
L-100739,Missing
L-100740,Missing
L-100741,Pending
L-100742,Available
L-100743,Expired
L-100744,Missing
L-100745,Available
L-100746,Available
L-100747,Expired
L-100748,Expired
L-100749,Missing
L-100750,Missing
L-100751,Pending
L-100752,Available
L-100753,Available
L-100754,Pending
L-100755,Missing
L-100756,Available
L-100757,Pending
L-100758,Expired
L-100759,Missing
L-100760,Pending
L-100761,Pending
L-100762,Missing
L-100763,Expired
L-100764,Missing
L-100765,Expired
L-100766,Missing
L-100767,Expired
L-100768,Missing
L-100769,Missing
L-100770,Missing
L-100771,Pending
L-100772,Expired
L-100773,Available
L-100774,Pending
L-100775,Pending
L-100776,Pending
L-100777,Pending
L-100778,Pending
L-100779,Available
L-100780,Pending
L-100781,Missing
L-100782,Pending
L-100783,Pending
L-100784,Missing
L-100785,Available
L-100786,Available
L-100787,Available
L-100788,Expired
L-100789,Pending
L-100790,Pending
L-100791,Pending
L-100792,Pending
L-100793,Pending
L-100794,Expired
L-100795,Pending
L-100796,Missing
L-100797,Available
L-100798,Pending
L-100799,Missing
L-100800,Pending
L-100801,Expired
L-100802,Missing
L-100803,Available
L-100804,Pending
L-100805,Available
L-100806,Missing
L-100807,Available
L-100808,Available
L-100809,Expired
L-100810,Pending
L-100811,Expired
L-100812,Missing
L-100813,Pending
L-100814,Expired
L-100815,Pending
L-100816,Missing
L-100817,Expired
L-100818,Missing
L-100819,Pending
L-100820,Expired
L-100821,Missing
L-100822,Pending
L-100823,Missing
L-100824,Expired
L-100825,Pending
L-100826,Available
L-100827,Pending
L-100828,Missing
L-100829,Available
L-100830,Available
L-100831,Expired
L-100832,Pending
L-100833,Available
L-100834,Pending
L-100835,Pending
L-100836,Available
L-100837,Missing
L-100838,Pending
L-100839,Expired
L-100840,Missing
L-100841,Missing
L-100842,Available
L-100843,Pending
L-100844,Expired
L-100845,Missing
L-100846,Pending
L-100847,Pending
L-100848,Missing
L-100849,Available
L-100850,Available
L-100851,Available
L-100852,Missing
L-100853,Pending
L-100854,Expired
L-100855,Pending
L-100856,Missing
L-100857,Expired
L-100858,Expired
L-100859,Missing
L-100860,Pending
L-100861,Missing
L-100862,Available
L-100863,Available
L-100864,Pending
L-100865,Expired
L-101010,Available
L-100867,Expired
L-100868,Expired
L-100869,Expired
L-100870,Available
L-100871,Available
L-100872,Expired
L-100873,Expired
L-100874,Missing
L-100875,Expired
L-100876,Pending
L-100877,Available
L-100878,Missing
L-100879,Available
L-100880,Expired
L-100881,Available
L-100882,Expired
L-100883,Pending
L-100884,Available
L-100885,Expired
L-100886,Available
L-100887,Pending
L-100889,Expired
L-100890,Available
L-100891,Pending
L-100892,Available
L-100893,Available
L-100894,Available
L-100895,Missing
L-100896,Pending
L-100897,Available
L-100898,Missing
L-100899,Missing
L-100900,Available
L-100901,Expired
L-100902,Available
L-100903,Available
L-100904,Pending
L-100905,Available
L-100906,Missing
L-100907,Expired
L-101051,Missing
L-100909,Expired
L-100910,Missing
L-100911,Missing
L-100912,Available
L-100913,Missing
L-100914,Available
L-100915,Expired
L-100916,Available
L-100917,Pending
L-100918,Pending
L-100919,Missing
L-100920,Pending
L-100921,Available
L-100922,Expired
L-100923,Expired
L-100924,Expired
L-100925,Expired
L-100926,Pending
L-100927,Missing
L-100928,Available
L-100929,Available
L-100930,Available
L-100931,Pending
L-100932,Available
L-100933,Pending
L-100934,Pending
L-100935,Missing
L-100936,Pending
L-100937,Expired
L-100938,Available
L-100939,Expired
L-100940,Missing
L-100941,Expired
L-100942,Missing
L-100943,Missing
L-100944,Expired
L-100945,Available
L-100946,Pending
L-100947,Pending
L-100948,Missing
L-100949,Pending
L-100950,Pending
L-100951,Expired
L-100953,Pending
L-100954,Expired
L-100955,Expired
L-100956,Missing
L-100957,Expired
L-100958,Missing
L-100959,Missing
L-100960,Available
L-100961,Pending
L-100962,Pending
L-100963,Expired
L-100964,Expired
L-100965,Expired
L-100966,Missing
L-100967,Expired
L-100968,Expired
L-100969,Expired
L-100970,Available
L-100971,Expired
L-100972,Pending
L-100973,Available
L-100974,Available
L-100975,Pending
L-100976,Missing
L-100977,Pending
L-100978,Available
L-100979,Pending
L-100980,Available
L-100981,Pending
L-100982,Missing
L-100983,Available
L-100984,Missing
L-100985,Pending
L-100986,Expired
L-100987,Available
L-100988,Missing
L-100989,Pending
L-100990,Expired
L-100991,Expired
L-100992,Expired
L-100993,Available
L-100994,Expired
L-100995,Missing
L-100996,Pending
L-100997,Pending
L-100998,Expired
L-100999,Expired
L-101000,Available
L-101001,Expired
L-101002,Pending
L-101003,Available
L-101004,Missing
L-101005,Available
L-101006,Available
L-101007,Available
L-101008,Pending
L-101009,Missing
L-101010,Expired
L-101011,Missing
L-101012,Missing
L-101013,Expired
L-101014,Pending
L-101015,Pending
L-101016,Available
L-101017,Available
L-101018,Missing
L-101019,Pending
L-101020,Pending
L-101021,Pending
L-101022,Available
L-101023,Pending
L-101024,Missing
L-101025,Pending
L-101026,Expired
L-101027,Pending
L-101028,Missing
L-101029,Pending
L-101030,Missing
L-101031,Pending
L-101032,Missing
L-101033,Expired
L-101034,Expired
L-101035,Pending
L-101036,Available
L-101037,Expired
L-101038,Expired
L-101039,Pending
L-101040,Pending
L-101041,Expired
L-101042,Missing
L-101043,Expired
L-101044,Pending
L-101045,Pending
L-101046,Missing
L-101047,Pending
L-101048,Available
L-101049,Missing
L-101050,Missing
L-101051,Pending
L-101052,Pending
L-101053,Expired
L-101054,Expired
L-101055,Available
L-101434,Available
L-101057,Expired
L-101058,Pending
L-101059,Missing
L-101060,Missing
L-101061,Expired
L-101062,Missing
L-101063,Pending
L-101064,Expired
L-101065,Pending
L-101066,Missing
L-101067,Missing
L-101068,Expired
L-101069,Expired
L-101070,Pending
L-101071,Available
L-101072,Missing
L-101073,Available
L-101074,Missing
L-101075,Pending
L-101077,Pending
L-101078,Available
L-101079,Expired
L-101080,Available
L-101081,Available
L-101082,Pending
L-101083,Available
L-101084,Pending
L-101085,Available
L-101086,Missing
L-101087,Pending
L-101088,Missing
L-101089,Expired
L-101090,Pending
L-101091,Expired
L-101092,Pending
L-101093,Missing
L-101094,Pending
L-101095,Available
L-101096,Missing
L-101097,Expired
L-101098,Expired
L-101099,Missing
L-101100,Pending
L-101101,Missing
L-101103,Pending
L-101104,Expired
L-101105,Available
L-101106,Pending
L-101107,Missing
L-101108,Expired
L-101109,Missing
L-101110,Available
L-101111,Pending
L-101112,Available
L-101113,Pending
L-101114,Missing
L-101115,Available
L-101116,Expired
L-101117,Missing
L-101118,Missing
L-101119,Pending
L-101120,Expired
L-101121,Available
L-101122,Available
L-101123,Expired
L-101124,Expired
L-101125,Missing
L-101126,Expired
L-101127,Missing
L-101129,Missing
L-101130,Expired
L-101131,Pending
L-101132,Missing
L-101133,Missing
L-101134,Available
L-101135,Pending
L-101136,Available
L-101137,Available
L-101138,Expired
L-101139,Available
L-101140,Expired
L-101141,Available
L-101142,Missing
L-101143,Missing
L-101144,Missing
L-101145,Available
L-101146,Pending
L-101147,Pending
L-101148,Pending
L-101149,Available
L-101150,Pending
L-101151,Missing
L-101152,Expired
L-101153,Expired
L-101154,Available
L-101155,Missing
L-101156,Available
L-101157,Missing
L-101158,Available
L-101159,Missing
L-101160,Expired
L-101161,Available
L-101162,Missing
L-101163,Available
L-101164,Available
L-101165,Missing
L-101166,Expired
L-101167,Expired
L-101168,Expired
L-101169,Expired
L-101170,Expired
L-101171,Expired
L-101172,Expired
L-101173,Missing
L-101174,Expired
L-101175,Pending
L-101176,Expired
L-101177,Expired
L-101178,Pending
L-101179,Pending
L-101180,Pending
L-101181,Pending
L-101182,Pending
L-101183,Available
L-101184,Missing
L-101185,Pending
L-101186,Available
L-101187,Pending
L-101188,Pending
L-101189,Missing
L-101190,Pending
L-101191,Available
L-101192,Available
L-101193,Available
L-101194,Missing
L-101195,Expired
L-101196,Missing
L-101197,Pending
L-101198,Pending
L-101199,Missing
L-101200,Missing
L-101201,Available
L-101202,Missing
L-101203,Missing
L-101204,Missing
L-101205,Missing
L-101206,Available
L-101207,Missing
L-101208,Pending
L-101209,Available
L-101210,Pending
L-101211,Pending
L-101212,Pending
L-101213,Available
L-101214,Expired
L-101215,Available
L-101216,Missing
L-101217,Expired
L-101218,Pending
L-101219,Available
L-101220,Expired
L-101221,Missing
L-101222,Expired
L-101223,Available
L-101224,Expired
L-101225,Expired
L-101226,Pending
L-101227,Available
L-101228,Pending
L-101229,Available
L-101230,Pending
L-101231,Pending
L-101232,Expired
L-101233,Expired
L-101234,Missing
L-101235,Available
L-101236,Expired
L-101237,Pending
L-101238,Missing
L-101240,Pending
L-101241,Missing
L-101242,Expired
L-101243,Expired
L-101244,Missing
L-101245,Available
L-101246,Missing
L-101247,Pending
L-101248,Available
L-101249,Expired
L-101250,Pending
L-101251,Expired
L-101252,Missing
L-101253,Pending
L-101254,Missing
L-101255,Available
L-101256,Missing
L-101257,Missing
L-101258,Pending
L-101259,Missing
L-101260,Expired
L-101261,Expired
L-101262,Available
L-101263,Missing
L-101264,Pending
L-101265,Missing
L-101266,Pending
L-101267,Available
L-101268,Pending
L-101269,Pending
L-101270,Available
L-101271,Expired
L-101272,Pending
L-101273,Available
L-101274,Pending
L-101275,Pending
L-101276,Expired
L-101277,Pending
L-101278,Pending
L-101279,Expired
L-101118,Pending
L-101281,Pending
L-101282,Missing
L-101283,Missing
L-101284,Available
L-101285,Available
L-101286,Pending
L-101287,Available
L-101288,Pending
L-101289,Missing
L-101290,Pending
L-101291,Missing
L-101292,Expired
L-101293,Expired
L-101294,Pending
L-101295,Pending
L-101296,Pending
L-101297,Expired
L-101298,Available
L-101299,Available
L-101300,Expired
L-101301,Expired
L-101302,Pending
L-101303,Available
L-101304,Available
L-101305,Pending
L-101306,Expired
L-101307,Expired
L-101308,Available
L-101309,Missing
L-101310,Expired
L-101311,Expired
L-101312,Missing
L-101313,Pending
L-101314,Available
L-101315,Missing
L-101316,Available
L-101317,Available
L-101318,Pending
L-101319,Available
L-101320,Expired
L-101321,Expired
L-101322,Available
L-101323,Expired
L-101324,Missing
L-101325,Pending
L-101326,Expired
L-101327,Available
L-101328,Missing
L-101329,Available
L-100715,Expired
L-101331,Available
L-101332,Missing
L-101333,Pending
L-101334,Available
L-101335,Expired
L-101336,Missing
L-101337,Available
L-101338,Expired
L-101339,Pending
L-101340,Pending
L-101341,Expired
L-101342,Pending
L-101343,Missing
L-101344,Expired
L-101345,Pending
L-101346,Pending
L-101347,Missing
L-101348,Missing
L-101349,Missing
L-101350,Expired
L-101351,Expired
L-101352,Pending
L-101353,Available
L-101354,Pending
L-101355,Available
L-101356,Expired
L-101357,Expired
L-101358,Available
L-101359,Pending
L-101360,Pending
L-101361,Expired
L-101362,Available
L-101363,Pending
L-101364,Pending
L-101365,Expired
L-101366,Expired
L-101367,Available
L-101368,Expired
L-101369,Expired
L-101370,Pending
L-101371,Available
L-101372,Missing
L-101373,Expired
L-101374,Missing
L-101375,Expired
L-101376,Pending
L-101377,Expired
L-101378,Available
L-101379,Pending
L-101380,Pending
L-101381,Pending
L-101382,Available
L-101383,Expired
L-101384,Available
L-101385,Available
L-101386,Missing
L-101387,Missing
L-101388,Pending
L-101389,Expired
L-101390,Missing
L-101391,Missing
L-101392,Missing
L-101393,Pending
L-101394,Pending
L-101395,Available
L-101396,Missing
L-101397,Pending
L-101108,Expired
L-101399,Expired
L-101400,Available
L-101401,Missing
L-101402,Available
L-101403,Missing
L-101404,Expired
L-101405,Expired
L-101406,Pending
L-101407,Expired
L-101408,Expired
L-101409,Pending
L-101410,Expired
L-101411,Expired
L-101412,Missing
L-101413,Available
L-101414,Expired
L-101415,Missing
L-101416,Available
L-101417,Pending
L-101418,Missing
L-101419,Expired
L-101420,Available
L-101421,Pending
L-101422,Missing
L-101423,Expired
L-101424,Missing
L-101425,Missing
L-101426,Pending
L-101427,Available
L-101428,Expired
L-101429,Pending
L-101430,Missing
L-101431,Missing
L-101432,Available
L-101433,Available
L-101434,Missing
L-101435,Expired
L-101436,Pending
L-101437,Expired
L-101438,Available
L-101439,Available
L-101440,Expired
L-101441,Expired
L-101442,Missing
L-101443,Available
L-101444,Available
L-101445,Expired
L-101446,Missing
L-101447,Expired
L-101448,Available
L-101449,Pending
L-101450,Pending
L-101451,Missing
L-101452,Expired
L-101453,Available
L-101454,Expired
L-101455,Missing
L-101456,Missing
L-101457,Missing
L-101458,Available
L-101459,Expired
L-101460,Missing
L-101461,Pending
L-101462,Expired
L-101463,Expired
L-101464,Missing
L-101465,Pending
L-101466,Expired
L-101467,Expired
L-101468,Pending
L-101469,Expired
L-101470,Pending
L-101471,Missing
L-101472,Pending
L-101473,Available
L-101474,Available
L-101475,Pending
L-101476,Available
L-101477,Available
L-101478,Missing
L-101479,Missing
L-101480,Expired
L-101481,Missing
L-101482,Available
L-101483,Missing
L-101484,Missing
L-101485,Pending
L-101486,Missing
L-101487,Expired
L-101488,Pending
L-101489,Expired
L-101490,Missing
L-101491,Pending
L-101492,Missing
L-101493,Missing
L-101494,Pending
L-101495,Expired
L-101496,Available
L-101497,Available
L-101498,Missing
L-101499,Available
L-101500,Missing
L-101501,Available
L-101502,Expired
L-100572,Pending
L-101504,Expired
L-101505,Missing
L-101506,Available
L-101507,Pending
L-101508,Missing
L-101509,Available
L-101510,Available
L-101511,Available
L-101512,Missing
L-101513,Available
L-101514,Expired
L-101515,Expired
L-101516,Available
L-101517,Missing
L-101518,Expired
L-101519,Expired
L-101520,Expired
L-101521,Expired
L-101522,Missing
L-101523,Expired
L-101524,Pending
L-101525,Expired
L-101526,Missing
L-101527,Available
L-101528,Missing
L-101529,Missing
L-101530,Expired
L-101531,Pending
L-101532,Pending
L-101533,Pending
L-101534,Available
L-101535,Missing
L-101536,Missing
L-101537,Expired
L-101538,Available
L-101539,Missing
L-101540,Pending
L-101541,Available
L-100198,Missing
L-101543,Expired
L-101544,Pending
L-101545,Missing
L-101546,Pending
L-101547,Missing
L-101548,Available
L-101549,Missing
L-101550,Missing
L-101551,Pending
L-101552,Pending
L-101553,Missing
L-101554,Expired
L-101555,Pending
L-101556,Expired
L-101557,Expired
L-101558,Available
L-101559,Pending
L-101560,Available
L-101561,Missing
L-101562,Available
L-101563,Pending
L-101564,Expired
L-101565,Expired
L-101566,Available
L-101567,Expired
L-101568,Available
L-101569,Missing
L-101570,Expired
L-101571,Pending
L-101572,Missing
L-101573,Pending
L-101574,Pending
L-101575,Available
L-101576,Pending
L-101577,Missing
L-101578,Missing
L-101579,Missing
L-101580,Available
L-101581,Available
L-101582,Pending
L-101583,Available
L-101584,Pending
L-101585,Expired
L-101586,Expired
L-101587,Expired
L-101588,Expired
L-101589,Pending
L-101590,Available
L-101591,Missing
L-101592,Expired
L-101593,Available
L-101594,Expired
L-101595,Pending
L-101596,Expired
L-101597,Expired
L-101598,Pending
L-101599,Missing
L-100992,Missing
L-101601,Missing
L-101602,Expired
L-101603,Available
L-101604,Pending
L-101605,Pending
L-101606,Available
L-101607,Missing
L-101608,Pending
L-101609,Pending
L-101610,Pending
L-101611,Missing
L-101612,Pending
L-101613,Pending
L-101614,Expired
L-101615,Expired
L-101616,Expired
L-101617,Expired
L-101618,Available
L-101619,Missing
L-101620,Expired
L-101621,Pending
L-101622,Pending
L-101623,Available
L-101624,Available
L-101625,Available
L-101627,Pending
L-101628,Pending
L-101629,Expired
L-101630,Expired
L-101631,Missing
L-101632,Missing
L-101633,Missing
L-101634,Pending
L-101635,Missing
L-101636,Expired
L-101637,Available
L-101638,Available
L-101639,Pending
L-101640,Available
L-101641,Missing
L-101642,Expired
L-101643,Available
L-101644,Expired
L-101645,Expired
L-101646,Available
L-101647,Pending
L-101648,Missing
L-101649,Expired
L-101650,Available
L-101651,Expired
L-101652,Available
L-101653,Expired
L-101654,Missing
L-101655,Available
L-101656,Missing
L-101657,Available
L-101658,Missing
L-101659,Missing
L-101660,Available
L-101661,Available
L-101662,Missing
L-101663,Available
L-101664,Expired
L-101665,Expired
L-101666,Expired
L-101667,Expired
L-101668,Missing
L-101669,Expired
L-101670,Missing
L-101671,Available
L-101672,Missing
L-101673,Expired
L-101674,Missing
L-101675,Pending
L-101676,Pending
L-101678,Missing
L-101679,Expired
L-101680,Pending
L-101681,Expired
L-101682,Expired
L-101683,Available
L-101684,Expired
L-101685,Available
L-101686,Available
L-101687,Pending
L-101688,Expired
L-101689,Pending
L-101690,Expired
L-101691,Pending
L-101692,Missing
L-101693,Expired
L-101694,Expired
L-101695,Expired
L-101696,Available
L-101697,Pending
L-101698,Pending
L-101699,Expired
L-101700,Expired
L-101701,Missing
L-101702,Missing
L-101703,Available
L-101704,Expired
L-101705,Pending
L-101706,Available
L-101707,Pending
L-101708,Pending
L-101709,Expired
L-101710,Expired
L-101711,Missing
L-101712,Available
L-101713,Pending
L-101714,Expired
L-101715,Available
L-101716,Available
L-101717,Missing
L-101718,Pending
L-101719,Missing
L-101720,Available
L-101721,Missing
L-101722,Missing
L-101723,Expired
L-101724,Expired
L-101725,Missing
L-101726,Pending
L-101727,Pending
L-101728,Expired
L-101729,Available
L-101730,Available
L-101731,Pending
L-101732,Available
L-101733,Pending
L-101734,Available
L-101735,Available
L-101736,Pending
L-101737,Expired
L-101738,Available
L-101739,Pending
L-101740,Expired
L-101741,Available
L-101742,Available
L-101743,Available
L-101744,Available
L-101745,Available
L-101746,Available
L-101747,Expired
L-101748,Missing
L-101749,Pending
L-101750,Pending
L-101751,Expired
L-101752,Expired
L-101753,Missing
L-101754,Pending
L-101755,Expired
L-101756,Pending
L-101757,Missing
L-101758,Expired
L-101759,Missing
L-101760,Available
L-101761,Pending
L-101762,Available
L-101763,Missing
L-101764,Available
L-101765,Pending
L-101766,Expired
L-101767,Expired
L-101769,Available
L-101770,Missing
L-101771,Missing
L-101772,Available
L-101773,Missing
L-101774,Available
L-101775,Pending
L-101776,Pending
L-101777,Missing
L-101778,Pending
L-101779,Missing
L-101780,Pending
L-101781,Available
L-101782,Available
L-101783,Available
L-101784,Available
L-101785,Missing
L-101786,Pending
L-101787,Pending
L-101788,Available
L-101789,Pending
L-101790,Missing
L-101791,Pending
L-101792,Available
L-101793,Missing
L-101794,Pending
L-101795,Expired
L-101796,Available
L-101797,Missing
L-101798,Missing
L-101799,Missing
L-101800,Expired
L-101801,Expired
L-101802,Expired
L-101803,Expired
L-101804,Expired
L-101805,Available
L-101806,Expired
L-101807,Missing
L-101808,Pending
L-101809,Available
L-101810,Missing
L-101811,Pending
L-101812,Available
L-101813,Missing
L-101815,Expired
L-101816,Missing
L-101817,Expired
L-101818,Pending
L-101819,Pending
L-101820,Missing
L-101821,Available
L-101822,Available
L-101823,Missing
L-101824,Expired
L-101825,Missing
L-101826,Missing
L-101827,Missing
L-101828,Expired
L-101829,Available
L-101830,Missing
L-101831,Expired
L-101832,Expired
L-101833,Missing
L-101834,Missing
L-101835,Available
L-101836,Expired
L-101837,Available
L-101838,Pending
L-101839,Pending
L-101840,Available
L-101841,Pending
L-101842,Available
L-101843,Missing
L-101844,Missing
L-101845,Available
L-101846,Available
L-101847,Expired
L-101848,Expired
L-101849,Available
L-101850,Pending
L-101851,Expired
L-101852,Expired
L-101853,Expired
L-101854,Expired
L-101855,Expired
L-101856,Available
L-101857,Missing
L-101858,Missing
L-101859,Available
L-101860,Missing
L-101861,Available
L-101862,Missing
L-101863,Expired
L-101864,Pending
L-101865,Expired
L-101866,Pending
L-101867,Available
L-101868,Pending
L-101869,Missing
L-101870,Missing
L-101871,Available
L-101872,Missing
L-101873,Expired
L-101874,Available
L-101875,Expired
L-101876,Expired
L-101877,Expired
L-101878,Expired
L-101879,Available
L-101880,Missing
L-101881,Pending
L-101882,Expired
L-101883,Missing
L-101884,Expired
L-101885,Pending
L-101886,Pending
L-101887,Expired
L-101888,Available
L-101889,Missing
L-101890,Expired
L-101891,Pending
L-101892,Expired
L-101893,Expired
L-101894,Pending
L-101895,Pending
L-101896,Available
L-101897,Pending
L-101898,Pending
L-101899,Missing
L-101900,Expired
L-101901,Pending
L-101902,Missing
L-101903,Pending
L-101904,Expired
L-101905,Pending
L-101906,Pending
L-101907,Missing
L-101908,Pending
L-101909,Missing
L-101910,Expired
L-101911,Available
L-101912,Available
L-101913,Pending
L-101914,Available
L-101915,Available
L-101917,Available
L-101918,Pending
L-101919,Expired
L-101920,Expired
L-101921,Missing
L-101923,Missing
L-101924,Pending
L-101925,Available
L-101926,Pending
L-101927,Expired
L-101928,Expired
L-101929,Pending
L-101930,Expired
L-101931,Expired
L-101932,Available
L-101933,Pending
L-101934,Available
L-101935,Expired
L-101936,Available
L-101937,Missing
L-101938,Missing
L-101939,Available
L-101940,Missing
L-101941,Pending
L-101942,Expired
L-101943,Pending
L-101944,Available
L-101945,Missing
L-101946,Expired
L-101947,Pending
L-101948,Expired
L-101949,Available
L-101950,Missing
L-101951,Pending
L-101952,Pending
L-101953,Expired
L-101954,Missing
L-101628,Missing
L-101956,Missing
L-101957,Missing
L-101958,Missing
L-101959,Pending
L-101960,Pending
L-101961,Missing
L-101962,Pending
L-101963,Pending
L-101964,Expired
L-101965,Available
L-101966,Pending
L-101967,Available
L-101968,Pending
L-101969,Pending
L-101970,Expired
L-101971,Missing
L-101972,Expired
L-101973,Missing
L-101974,Available
L-101975,Missing
L-101976,Missing
L-101977,Pending
L-101978,Missing
L-101979,Expired
L-101980,Available
L-101981,Expired
L-101982,Available
L-101983,Expired
L-101984,Missing
L-101985,Expired
L-101986,Expired
L-101987,Pending
L-101988,Expired
L-101989,Expired
L-101990,Missing
L-101991,Missing
L-101992,Expired
L-101993,Available
L-101994,Missing
L-101995,Pending
L-101996,Pending
L-101997,Expired
L-101998,Expired
L-101999,Missing
L-999948,Expired
L-999548,Available
L-999354,Missing
L-999522,Available
L-999398,Missing
L-999502,Missing
L-999556,Pending
L-999613,Available
L-999447,Missing
L-999653,Missing
L-999227,Missing
L-999885,Available
L-999237,Expired
L-999415,Missing
L-999331,Pending
L-999666,Missing
L-999883,Pending
L-999431,Available
L-999147,Pending
L-999805,Pending
